# Columns: mx (MeV), <sigma v> limit (cm^3/s)
7.000000000000001421e+01,1.350058571979148249e-27
7.887669169216538023e+01,4.396258264264448892e-28
8.887903560429876393e+01,inf
1.001497755608180853e+02,inf
1.128497567135743793e+02,inf
1.271602209690353646e+02,8.371212702857225611e-17
1.432853934983174895e+02,1.220460266701525748e-25
1.614553972422485231e+02,1.403720519574916012e-25
1.819295370044703191e+02,1.620539533990292232e-25
2.049999999999999432e+02,1.884322594114556804e-25
